Primary Key,Claim Number,Exposure Number,Insured First Name,Insured Last Name,Insured Party,Claimant First Name,Claimant Last Name,Claimant Party,Driver First Name (Insured Vehicle),Driver Last Name (Insured Vehicle),Driver,DOL,Policy State,Loss Location State,Status,Fuzzy Match,Cases Extracted,Extracted Case Numbers,Extracted Case Styles,Guidewire Pushed,Guidewire Activity ID,Total Duration (s),Broward Bot,Hillsborough Bot,Miami-Dade Bot,Travis Bot,Dallas Bot,Harris JP Bot,Harris Clerk Bot,Harris District Bot,Created At
,CLM-INSPECT-777,002,Marcus,Vance,Marcus Vance,Elena,Rostova,Elena Rostova,David,Vance,David Vance,04/12/2023,FL,FL,MATCH_FOUND,NEW,1,23-CA-004412,Elena Rostova vs Marcus Vance,No,,,NOT_TRIGGERED,NOT_TRIGGERED,NOT_TRIGGERED,NOT_TRIGGERED,NOT_TRIGGERED,NOT_TRIGGERED,NOT_TRIGGERED,NOT_TRIGGERED,2026-10-05 14:22:08
,EXP-PARITY-ff9f97,1,Arthur,Dent,Arthur Dent,Ford,Prefect,Ford Prefect,,,N/A,,FL,FL,COMPLETED,NO_MATCH_FOUND,1,CACE-2026-009999,FORD PREFECT VS ARTHUR DENT,Yes,,,NOT_TRIGGERED,NOT_TRIGGERED,NOT_TRIGGERED,NOT_TRIGGERED,NOT_TRIGGERED,NOT_TRIGGERED,NOT_TRIGGERED,NOT_TRIGGERED,2026-10-05 14:22:01
,TEST_DATEFILED_001,001,,,N/A,,,N/A,,,N/A,,FL,FL,NEW,NEW,1,23-CA-008888,Jane Roe vs Acme,No,,,NOT_TRIGGERED,NOT_TRIGGERED,NOT_TRIGGERED,NOT_TRIGGERED,NOT_TRIGGERED,NOT_TRIGGERED,NOT_TRIGGERED,NOT_TRIGGERED,2026-10-05 14:21:00
,TEST_MATCH_EXP_001,001,,,N/A,,,N/A,,,N/A,,FL,FL,NEW,NEW,1,CACE-2023-999,State Farm vs John Doe,No,,,NOT_TRIGGERED,NOT_TRIGGERED,NOT_TRIGGERED,NOT_TRIGGERED,NOT_TRIGGERED,NOT_TRIGGERED,NOT_TRIGGERED,NOT_TRIGGERED,2026-10-05 14:20:53
,TEST_EXP_001,001,,,N/A,,,N/A,,,N/A,,FL,FL,NEW,NEW,1,CACE-2024-999,Miller vs Progressive,No,,,NOT_TRIGGERED,NOT_TRIGGERED,NOT_TRIGGERED,NOT_TRIGGERED,NOT_TRIGGERED,NOT_TRIGGERED,NOT_TRIGGERED,NOT_TRIGGERED,2026-10-05 14:20:45
,TEST_GW_001,001,,,N/A,,,N/A,,,N/A,,FL,FL,NEW,NEW,3,"CACE-2023-001, CACE-2023-002, D-1-GN-23-003",Doe vs Smith; Johnson vs State Farm; Williams vs Allstate,No,,,NOT_TRIGGERED,NOT_TRIGGERED,NOT_TRIGGERED,NOT_TRIGGERED,NOT_TRIGGERED,NOT_TRIGGERED,NOT_TRIGGERED,NOT_TRIGGERED,2026-10-05 14:20:42
,FST-006,1,Old,Case,Old Case,Z,Z,Z Z,X,Y,X Y,01/15/2024,Florida,Florida,NEW,NEW,1,2024-FST-OLD,OLD CASE VS OLD COMPANY,No,,,NOT_TRIGGERED,NOT_TRIGGERED,NOT_TRIGGERED,NOT_TRIGGERED,NOT_TRIGGERED,NOT_TRIGGERED,NOT_TRIGGERED,NOT_TRIGGERED,2026-10-05 14:20:15
,FST-005,1,Partial,Match,Partial Match,Z,Z,Z Z,X,Y,X Y,01/15/2024,Florida,Florida,NEW,NEW,1,2024-FST-005,TOTALLY DIFFERENT STYLE VS NOBODY,No,,,NOT_TRIGGERED,NOT_TRIGGERED,NOT_TRIGGERED,NOT_TRIGGERED,NOT_TRIGGERED,NOT_TRIGGERED,NOT_TRIGGERED,NOT_TRIGGERED,2026-10-05 14:20:07
,FST-004,1,Emma,Wilson,Emma Wilson,Z,Z,Z Z,X,Y,X Y,01/15/2024,Florida,Florida,NEW,NEW,5,"2024-FST-004-0, 2024-FST-004-1, 2024-FST-004-2, 2024-FST-004-3, 2024-FST-004-4",WILSON EMMA VS COMPANY 0; WILSON EMMA VS COMPANY 1; WILSON EMMA VS COMPANY 2; WILSON EMMA VS COMPANY 3; WILSON EMMA VS COMPANY 4,No,,,NOT_TRIGGERED,NOT_TRIGGERED,NOT_TRIGGERED,NOT_TRIGGERED,NOT_TRIGGERED,NOT_TRIGGERED,NOT_TRIGGERED,NOT_TRIGGERED,2026-10-05 14:20:03
,FST-003,1,Mark,Torres,Mark Torres,Z,Z,Z Z,X,Y,X Y,01/15/2024,Florida,Florida,NEW,NEW,2,"2024-FST-003A, 2024-FST-003B",TORRES MARK VS PROGRESSIVE INS; SMITH JOHN VS GEICO COMPANY,No,,,NOT_TRIGGERED,NOT_TRIGGERED,NOT_TRIGGERED,NOT_TRIGGERED,NOT_TRIGGERED,NOT_TRIGGERED,NOT_TRIGGERED,NOT_TRIGGERED,2026-10-05 14:20:00
,FST-002,1,Henry,Adams,Henry Adams,Z,Z,Z Z,X,Y,X Y,01/15/2024,Florida,Florida,NEW,NEW,1,2024-FST-002,ADAMS HENRY VS STATE FARM,No,,,NOT_TRIGGERED,NOT_TRIGGERED,NOT_TRIGGERED,NOT_TRIGGERED,NOT_TRIGGERED,NOT_TRIGGERED,NOT_TRIGGERED,NOT_TRIGGERED,2026-10-05 14:19:58
,FST-001,1,Alice,Johnson,Alice Johnson,Carol,Martinez,Carol Martinez,Bob,Williams,Bob Williams,01/15/2024,Florida,Florida,NEW,NEW,1,2024-FST-001,JOHNSON ALICE VS ALLSTATE INSURANCE COMPANY,No,,,NOT_TRIGGERED,NOT_TRIGGERED,NOT_TRIGGERED,NOT_TRIGGERED,NOT_TRIGGERED,NOT_TRIGGERED,NOT_TRIGGERED,NOT_TRIGGERED,2026-10-05 14:19:54
,EXT-DUP-B,1,Dup,Name,Dup Name,Z2,Z2,Z2 Z2,X2,Y2,X2 Y2,01/15/2024,Florida,Florida,NEW,NEW,0,,,No,,,NOT_TRIGGERED,NOT_TRIGGERED,NOT_TRIGGERED,NOT_TRIGGERED,NOT_TRIGGERED,NOT_TRIGGERED,NOT_TRIGGERED,NOT_TRIGGERED,2026-10-05 14:19:44
,EXT-DUP-A,1,Dup,Name,Dup Name,Z,Z,Z Z,X,Y,X Y,01/15/2024,Florida,Florida,NEW,NEW,0,,,No,,,NOT_TRIGGERED,NOT_TRIGGERED,NOT_TRIGGERED,NOT_TRIGGERED,NOT_TRIGGERED,NOT_TRIGGERED,NOT_TRIGGERED,NOT_TRIGGERED,2026-10-05 14:19:43
,EXT-CLM-01,1,Steve,Rogers,Steve Rogers,Sam,Wilson,Sam Wilson,Bucky,Barnes,Bucky Barnes,01/15/2024,Florida,Florida,NEW,NEW,0,,,No,,,NOT_TRIGGERED,NOT_TRIGGERED,NOT_TRIGGERED,NOT_TRIGGERED,NOT_TRIGGERED,NOT_TRIGGERED,NOT_TRIGGERED,NOT_TRIGGERED,2026-10-05 14:19:40
,EXT-DRV-01,1,Steve,Rogers,Steve Rogers,Sam,Wilson,Sam Wilson,Bucky,Barnes,Bucky Barnes,01/15/2024,Florida,Florida,NEW,NEW,0,,,No,,,NOT_TRIGGERED,NOT_TRIGGERED,NOT_TRIGGERED,NOT_TRIGGERED,NOT_TRIGGERED,NOT_TRIGGERED,NOT_TRIGGERED,NOT_TRIGGERED,2026-10-05 14:19:38
,EXT-002,1,Tony,Stark,Tony Stark,Natasha,Romanoff,Natasha Romanoff,Peter,Parker,Peter Parker,01/15/2024,Florida,Florida,NEW,NEW,0,,,No,,,NOT_TRIGGERED,NOT_TRIGGERED,NOT_TRIGGERED,NOT_TRIGGERED,NOT_TRIGGERED,NOT_TRIGGERED,NOT_TRIGGERED,NOT_TRIGGERED,2026-10-05 14:19:35
,EXT-001,1,Diana,Prince,Diana Prince,Bruce,Wayne,Bruce Wayne,Clark,Kent,Clark Kent,01/15/2024,Florida,Florida,NEW,NEW,0,,,No,,,NOT_TRIGGERED,NOT_TRIGGERED,NOT_TRIGGERED,NOT_TRIGGERED,NOT_TRIGGERED,NOT_TRIGGERED,NOT_TRIGGERED,NOT_TRIGGERED,2026-10-05 14:19:32
,HIL-TEST-c04466,1,Diana,Prince,Diana Prince,Diana,Prince,Diana Prince,Bruce,Wayne,Bruce Wayne,,FL,FL,SCRAPING_COMPLETED,NEW,1,24-CA-001-1,Diana Prince v. Allstate,No,,0.54,NOT_TRIGGERED,COMPLETED,NOT_TRIGGERED,NOT_TRIGGERED,NOT_TRIGGERED,NOT_TRIGGERED,NOT_TRIGGERED,NOT_TRIGGERED,2026-10-05 14:19:07
FLEET-2111f7,FLEET-2111f7,001,John,Doe,John Doe,,,N/A,,,N/A,01/15/2024,Florida,Florida,COMPLETED,NEW,0,,,Yes,,,NOT_TRIGGERED,NOT_TRIGGERED,NOT_TRIGGERED,NOT_TRIGGERED,NOT_TRIGGERED,NOT_TRIGGERED,NOT_TRIGGERED,NOT_TRIGGERED,2026-10-05 14:14:40
FLEET-82f7b9,FLEET-82f7b9,001,John,Doe,John Doe,,,N/A,,,N/A,01/15/2024,Florida,Florida,COMPLETED,NEW,0,,,Yes,,,NOT_TRIGGERED,NOT_TRIGGERED,NOT_TRIGGERED,NOT_TRIGGERED,NOT_TRIGGERED,NOT_TRIGGERED,NOT_TRIGGERED,NOT_TRIGGERED,2026-10-05 14:14:40
FLEET-5aa841,FLEET-5aa841,001,John,Doe,John Doe,,,N/A,,,N/A,01/15/2024,Florida,Florida,COMPLETED,NEW,0,,,Yes,,,NOT_TRIGGERED,NOT_TRIGGERED,NOT_TRIGGERED,NOT_TRIGGERED,NOT_TRIGGERED,NOT_TRIGGERED,NOT_TRIGGERED,NOT_TRIGGERED,2026-10-05 14:14:40
FLEET-e0c3da,FLEET-e0c3da,001,John,Doe,John Doe,,,N/A,,,N/A,01/15/2024,Florida,Florida,COMPLETED,NEW,0,,,Yes,,,NOT_TRIGGERED,NOT_TRIGGERED,NOT_TRIGGERED,NOT_TRIGGERED,NOT_TRIGGERED,NOT_TRIGGERED,NOT_TRIGGERED,NOT_TRIGGERED,2026-10-05 14:14:40
FLEET-a7522d,FLEET-a7522d,001,John,Doe,John Doe,,,N/A,,,N/A,01/15/2024,Florida,Florida,COMPLETED,NEW,0,,,Yes,,,NOT_TRIGGERED,NOT_TRIGGERED,NOT_TRIGGERED,NOT_TRIGGERED,NOT_TRIGGERED,NOT_TRIGGERED,NOT_TRIGGERED,NOT_TRIGGERED,2026-10-05 14:14:40
FLEET-866fe2,FLEET-866fe2,001,John,Doe,John Doe,,,N/A,,,N/A,01/15/2024,Florida,Florida,COMPLETED,NEW,0,,,Yes,,,NOT_TRIGGERED,NOT_TRIGGERED,NOT_TRIGGERED,NOT_TRIGGERED,NOT_TRIGGERED,NOT_TRIGGERED,NOT_TRIGGERED,NOT_TRIGGERED,2026-10-05 14:14:40
FLEET-359da9,FLEET-359da9,001,John,Doe,John Doe,,,N/A,,,N/A,01/15/2024,Florida,Florida,COMPLETED,NEW,0,,,Yes,,,NOT_TRIGGERED,NOT_TRIGGERED,NOT_TRIGGERED,NOT_TRIGGERED,NOT_TRIGGERED,NOT_TRIGGERED,NOT_TRIGGERED,NOT_TRIGGERED,2026-10-05 14:14:40
FLEET-620825,FLEET-620825,001,John,Doe,John Doe,,,N/A,,,N/A,01/15/2024,Florida,Florida,COMPLETED,NEW,0,,,Yes,,,NOT_TRIGGERED,NOT_TRIGGERED,NOT_TRIGGERED,NOT_TRIGGERED,NOT_TRIGGERED,NOT_TRIGGERED,NOT_TRIGGERED,NOT_TRIGGERED,2026-10-05 14:14:40
FLEET-062c03,FLEET-062c03,001,John,Doe,John Doe,,,N/A,,,N/A,01/15/2024,Florida,Florida,COMPLETED,NEW,0,,,Yes,,,NOT_TRIGGERED,NOT_TRIGGERED,NOT_TRIGGERED,NOT_TRIGGERED,NOT_TRIGGERED,NOT_TRIGGERED,NOT_TRIGGERED,NOT_TRIGGERED,2026-10-05 14:14:40
FLEET-08b1d1,FLEET-08b1d1,001,John,Doe,John Doe,,,N/A,,,N/A,01/15/2024,Florida,Florida,COMPLETED,NEW,0,,,Yes,,,NOT_TRIGGERED,NOT_TRIGGERED,NOT_TRIGGERED,NOT_TRIGGERED,NOT_TRIGGERED,NOT_TRIGGERED,NOT_TRIGGERED,NOT_TRIGGERED,2026-10-05 14:14:40
,CLM-3fe797,1,,,N/A,Test,User,Test User,,,N/A,,,,SCRAPING_IN_PROGRESS,NEW,0,,,No,,,NOT_TRIGGERED,NOT_TRIGGERED,NOT_TRIGGERED,NOT_TRIGGERED,NOT_TRIGGERED,NOT_TRIGGERED,NOT_TRIGGERED,NOT_TRIGGERED,2026-10-05 14:13:17
